<?xml version="1.0" encoding="utf-8"?>
<dds xmlns:xsi="http://www.w3.org/2001/XMLSchema-instance" xsi:noNamespaceSchemaLocation="http://www.omg.org/spec/DDS-Security/20170801/omg_shared_ca_permissions.xsd">
    <permissions>
        <grant name="SubscriberPermissions">
            <subject_name> emailAddress=mainsub@eprosima.com, CN=Main Subscriber, OU=eProsima, O=eProsima, ST=MA, C=ES</subject_name>
            <validity>
                <not_before>2013-06-01T13:00:00</not_before>
                <not_after>2038-06-01T13:00:00</not_after>
            </validity>
            <allow_rule>
                <domains>
                    <id_range>
                        <min>0</min>
                        <max>230</max>
                    </id_range>
                </domains>
            </allow_rule>
            <deny_rule>
                <domains>
                    <id_range>
                        <min>0</min>
                        <max>230</max>
                    </id_range>
                </domains>
                <subscribe>
                    <topics>
                        <topic>HelloWorldTopic</topic>
                    </topics>
                </subscribe>
            </deny_rule>
            <default>DENY</default>
        </grant>
    </permissions>
</dds>
